{"cameraMode":{"drawMode":0,"name":"Shaded","section":"Shading Mode"},"sceneLighting":false,"audioPlay":false,"sceneViewState":{"m_AlwaysRefresh":false,"showFog":true,"showSkybox":false,"showFlares":true,"showImageEffects":true,"showParticleSystems":true,"showVisualEffectGraphs":true,"m_FxEnabled":true},"in2DMode":false,"pivot":{"x":0.08630122989416123,"y":0.005157160107046366,"z":-0.0819496139883995},"rotation":{"x":-0.0914948433637619,"y":-0.772471010684967,"z":0.11437863856554032,"w":-0.6179301142692566},"size":0.14844867587089539,"orthographic":true}