{"cameraMode":{"drawMode":0,"name":"Shaded","section":"Shading Mode"},"sceneLighting":false,"audioPlay":false,"sceneViewState":{"m_AlwaysRefresh":false,"showFog":true,"showSkybox":false,"showFlares":true,"showImageEffects":true,"showParticleSystems":true,"showVisualEffectGraphs":true,"m_FxEnabled":true},"in2DMode":false,"pivot":{"x":-0.3349989652633667,"y":0.5465627908706665,"z":-0.3971607983112335},"rotation":{"x":-0.005787288770079613,"y":0.9905892610549927,"z":-0.12940438091754914,"w":-0.044312622398138049},"size":0.1716943234205246,"orthographic":true}