{"cameraMode":{"drawMode":0,"name":"Shaded","section":"Shading Mode"},"sceneLighting":false,"audioPlay":false,"sceneViewState":{"m_AlwaysRefresh":false,"showFog":true,"showSkybox":false,"showFlares":true,"showImageEffects":true,"showParticleSystems":true,"showVisualEffectGraphs":true,"m_FxEnabled":true},"in2DMode":false,"pivot":{"x":-0.3349989652633667,"y":0.5465627908706665,"z":-0.3971607983112335},"rotation":{"x":-0.042493339627981189,"y":0.8725467324256897,"z":-0.4805319309234619,"w":-0.07716283202171326},"size":0.1109699234366417,"orthographic":true}