{"cameraMode":{"drawMode":0,"name":"Shaded","section":"Shading Mode"},"sceneLighting":true,"audioPlay":false,"sceneViewState":{"m_AlwaysRefresh":false,"showFog":true,"showSkybox":true,"showFlares":true,"showImageEffects":true,"showParticleSystems":true,"showVisualEffectGraphs":true,"m_FxEnabled":true},"in2DMode":false,"pivot":{"x":-1.4009242057800294,"y":0.5812795758247376,"z":0.2998936176300049},"rotation":{"x":0.17813093960285188,"y":0.7076848149299622,"z":-0.6564971208572388,"w":0.19200193881988526},"size":1.614977478981018,"orthographic":true}