{"cameraMode":{"drawMode":0,"name":"Shaded","section":"Shading Mode"},"sceneLighting":true,"audioPlay":false,"sceneViewState":{"m_AlwaysRefresh":false,"showFog":true,"showSkybox":true,"showFlares":true,"showImageEffects":true,"showParticleSystems":true,"showVisualEffectGraphs":true,"m_FxEnabled":true},"in2DMode":false,"pivot":{"x":1.354797124862671,"y":0.5160942077636719,"z":-0.07522325962781906},"rotation":{"x":-0.2897024154663086,"y":0.6999269127845764,"z":-0.38409414887428286,"w":-0.5279024839401245},"size":0.8036354780197144,"orthographic":true}