{"cameraMode":{"drawMode":0,"name":"Shaded","section":"Shading Mode"},"sceneLighting":true,"audioPlay":false,"sceneViewState":{"m_AlwaysRefresh":false,"showFog":true,"showSkybox":true,"showFlares":true,"showImageEffects":true,"showParticleSystems":true,"showVisualEffectGraphs":true,"m_FxEnabled":true},"in2DMode":false,"pivot":{"x":-1.4339522123336793,"y":1.041338324546814,"z":0.5537629723548889},"rotation":{"x":0.06780759990215302,"y":-0.859478235244751,"z":0.49267709255218508,"w":0.11831920593976975},"size":2.433255672454834,"orthographic":true}