{"cameraMode":{"drawMode":0,"name":"Shaded","section":"Shading Mode"},"sceneLighting":true,"audioPlay":false,"sceneViewState":{"m_AlwaysRefresh":false,"showFog":true,"showSkybox":true,"showFlares":true,"showImageEffects":true,"showParticleSystems":true,"showVisualEffectGraphs":true,"m_FxEnabled":true},"in2DMode":false,"pivot":{"x":-1.7804359197616578,"y":-1.0687670707702637,"z":-0.057615526020526889},"rotation":{"x":0.27303946018218996,"y":0.7171424627304077,"z":-0.37680378556251528,"w":0.5192267298698425},"size":1.5120759010314942,"orthographic":true}