{"cameraMode":{"drawMode":0,"name":"Shaded","section":"Shading Mode"},"sceneLighting":true,"audioPlay":false,"sceneViewState":{"m_AlwaysRefresh":false,"showFog":true,"showSkybox":true,"showFlares":true,"showImageEffects":true,"showParticleSystems":true,"showVisualEffectGraphs":true,"m_FxEnabled":true},"in2DMode":false,"pivot":{"x":1.3929599523544312,"y":0.483173668384552,"z":-0.18199597299098969},"rotation":{"x":0.48159709572792055,"y":0.5151934027671814,"z":-0.4595639109611511,"w":0.5398774147033691},"size":0.6981879472732544,"orthographic":true}