{"cameraMode":{"drawMode":0,"name":"Shaded","section":"Shading Mode"},"sceneLighting":true,"audioPlay":false,"sceneViewState":{"m_AlwaysRefresh":false,"showFog":true,"showSkybox":true,"showFlares":true,"showImageEffects":true,"showParticleSystems":true,"showVisualEffectGraphs":true,"m_FxEnabled":true},"in2DMode":false,"pivot":{"x":-0.6960044503211975,"y":0.4864617884159088,"z":-0.8665347695350647},"rotation":{"x":-0.01700109802186489,"y":-0.9752545356750488,"z":0.0800318792462349,"w":-0.20610816776752473},"size":3.5087010860443117,"orthographic":true}