{"cameraMode":{"drawMode":0,"name":"Shaded","section":"Shading Mode"},"sceneLighting":true,"audioPlay":false,"sceneViewState":{"m_AlwaysRefresh":false,"showFog":true,"showSkybox":true,"showFlares":true,"showImageEffects":true,"showParticleSystems":true,"showVisualEffectGraphs":true,"m_FxEnabled":true},"in2DMode":false,"pivot":{"x":-0.33730000257492068,"y":0.39399999380111697,"z":-0.16019999980926515},"rotation":{"x":-0.16706739366054536,"y":0.830741822719574,"z":-0.34090107679367068,"w":-0.4071572721004486},"size":1.5301299095153809,"orthographic":true}