{"cameraMode":{"drawMode":0,"name":"Shaded","section":"Shading Mode"},"sceneLighting":true,"audioPlay":false,"sceneViewState":{"m_AlwaysRefresh":false,"showFog":true,"showSkybox":true,"showFlares":true,"showImageEffects":true,"showParticleSystems":true,"showVisualEffectGraphs":true,"m_FxEnabled":true},"in2DMode":false,"pivot":{"x":1.585400104522705,"y":0.6545000076293945,"z":-0.0023999810218811037},"rotation":{"x":0.43760257959365847,"y":-0.09010515362024307,"z":0.04413118213415146,"w":0.8935593366622925},"size":1.0327513217926026,"orthographic":true}