{"cameraMode":{"drawMode":0,"name":"Shaded","section":"Shading Mode"},"sceneLighting":true,"audioPlay":false,"sceneViewState":{"m_AlwaysRefresh":false,"showFog":true,"showSkybox":true,"showFlares":true,"showImageEffects":true,"showParticleSystems":true,"showVisualEffectGraphs":true,"m_FxEnabled":true},"in2DMode":false,"pivot":{"x":1.4534200429916382,"y":0.5727192759513855,"z":0.21254606544971467},"rotation":{"x":-0.5723509788513184,"y":-0.41904693841934206,"z":0.42845335602760317,"w":-0.5597783923149109},"size":3.3593480587005617,"orthographic":true}