{"cameraMode":{"drawMode":0,"name":"Shaded","section":"Shading Mode"},"sceneLighting":true,"audioPlay":false,"sceneViewState":{"m_AlwaysRefresh":false,"showFog":true,"showSkybox":true,"showFlares":true,"showImageEffects":true,"showParticleSystems":true,"showVisualEffectGraphs":true,"m_FxEnabled":true},"in2DMode":false,"pivot":{"x":-1.5473495721817017,"y":0.523329496383667,"z":-0.8222079277038574},"rotation":{"x":-0.041142210364341739,"y":0.8804000616073608,"z":-0.46610191464424136,"w":-0.07789181172847748},"size":0.7451756596565247,"orthographic":true}