{"cameraMode":{"drawMode":0,"name":"Shaded","section":"Shading Mode"},"sceneLighting":true,"audioPlay":false,"sceneViewState":{"m_AlwaysRefresh":false,"showFog":true,"showSkybox":true,"showFlares":true,"showImageEffects":true,"showParticleSystems":true,"showVisualEffectGraphs":true,"m_FxEnabled":true},"in2DMode":false,"pivot":{"x":-0.9331547617912293,"y":0.5566104650497437,"z":0.9533265829086304},"rotation":{"x":-0.14063012599945069,"y":0.8458425998687744,"z":-0.4364931285381317,"w":-0.27254045009613039},"size":0.30817994475364687,"orthographic":true}