{"cameraMode":{"drawMode":0,"name":"Shaded","section":"Shading Mode"},"sceneLighting":true,"audioPlay":false,"sceneViewState":{"m_AlwaysRefresh":false,"showFog":true,"showSkybox":true,"showFlares":true,"showImageEffects":true,"showParticleSystems":true,"showVisualEffectGraphs":true,"m_FxEnabled":true},"in2DMode":false,"pivot":{"x":-1.5103771686553956,"y":0.5645516514778137,"z":-0.3994239270687103},"rotation":{"x":0.2818525731563568,"y":0.03309329226613045,"z":-0.009727082215249539,"w":0.9588395953178406},"size":0.44236236810684206,"orthographic":true}