{"cameraMode":{"drawMode":0,"name":"Shaded","section":"Shading Mode"},"sceneLighting":true,"audioPlay":false,"sceneViewState":{"m_AlwaysRefresh":false,"showFog":true,"showSkybox":true,"showFlares":true,"showImageEffects":true,"showParticleSystems":true,"showVisualEffectGraphs":true,"m_FxEnabled":true},"in2DMode":false,"pivot":{"x":0.7105723023414612,"y":0.67930006980896,"z":0.32265591621398928},"rotation":{"x":0.062387850135564807,"y":-0.9350073933601379,"z":0.2809811234474182,"w":0.20809748768806458},"size":1.7766740322113038,"orthographic":true}