{"cameraMode":{"drawMode":0,"name":"Shaded","section":"Shading Mode"},"sceneLighting":true,"audioPlay":false,"sceneViewState":{"m_AlwaysRefresh":false,"showFog":true,"showSkybox":true,"showFlares":true,"showImageEffects":true,"showParticleSystems":true,"showVisualEffectGraphs":true,"m_FxEnabled":true},"in2DMode":false,"pivot":{"x":0.1683732122182846,"y":0.6729758977890015,"z":0.20500001311302186},"rotation":{"x":0.16616348922252656,"y":0.7776814103126526,"z":-0.22967663407325746,"w":0.5612548589706421},"size":2.2184247970581056,"orthographic":true}