{"cameraMode":{"drawMode":0,"name":"Shaded","section":"Shading Mode"},"sceneLighting":true,"audioPlay":false,"sceneViewState":{"m_AlwaysRefresh":false,"showFog":true,"showSkybox":true,"showFlares":true,"showImageEffects":true,"showParticleSystems":true,"showVisualEffectGraphs":true,"m_FxEnabled":true},"in2DMode":false,"pivot":{"x":-1.9530988931655884,"y":0.39915716648101809,"z":0.5270403623580933},"rotation":{"x":-0.19261451065540315,"y":-0.728958010673523,"z":0.2278914451599121,"w":-0.6161186099052429},"size":0.36282631754875185,"orthographic":true}