{"cameraMode":{"drawMode":0,"name":"Shaded","section":"Shading Mode"},"sceneLighting":true,"audioPlay":false,"sceneViewState":{"m_AlwaysRefresh":false,"showFog":true,"showSkybox":true,"showFlares":true,"showImageEffects":true,"showParticleSystems":true,"showVisualEffectGraphs":true,"m_FxEnabled":true},"in2DMode":false,"pivot":{"x":1.8683775663375855,"y":0.5591256618499756,"z":0.4768153727054596},"rotation":{"x":0.5964332222938538,"y":0.0636381134390831,"z":-0.04751228913664818,"w":0.7987385392189026},"size":0.4339917004108429,"orthographic":true}