{"cameraMode":{"drawMode":0,"name":"Shaded","section":"Shading Mode"},"sceneLighting":true,"audioPlay":false,"sceneViewState":{"m_AlwaysRefresh":false,"showFog":true,"showSkybox":true,"showFlares":true,"showImageEffects":true,"showParticleSystems":true,"showVisualEffectGraphs":true,"m_FxEnabled":true},"in2DMode":false,"pivot":{"x":-0.5952999591827393,"y":0.39399999380111697,"z":-0.16019999980926515},"rotation":{"x":-0.16605457663536073,"y":-0.804385781288147,"z":0.5063588619232178,"w":-0.2633756995201111},"size":0.8660253882408142,"orthographic":true}