{"cameraMode":{"drawMode":0,"name":"Shaded","section":"Shading Mode"},"sceneLighting":true,"audioPlay":false,"sceneViewState":{"m_AlwaysRefresh":false,"showFog":true,"showSkybox":true,"showFlares":true,"showImageEffects":true,"showParticleSystems":true,"showVisualEffectGraphs":true,"m_FxEnabled":true},"in2DMode":false,"pivot":{"x":-2.5372533798217775,"y":0.6255443692207336,"z":-0.030824992805719377},"rotation":{"x":0.39913424849510195,"y":0.5787639617919922,"z":-0.5964138507843018,"w":0.387367844581604},"size":1.2751275300979615,"orthographic":true}