{"cameraMode":{"drawMode":0,"name":"Shaded","section":"Shading Mode"},"sceneLighting":true,"audioPlay":false,"sceneViewState":{"m_AlwaysRefresh":false,"showFog":true,"showSkybox":true,"showFlares":true,"showImageEffects":true,"showParticleSystems":true,"showVisualEffectGraphs":true,"m_FxEnabled":true},"in2DMode":false,"pivot":{"x":1.585400104522705,"y":0.6545000076293945,"z":-0.0023999810218811037},"rotation":{"x":-0.24722163379192353,"y":-0.3800239562988281,"z":0.10614510625600815,"w":-0.8850007057189941},"size":0.8660253882408142,"orthographic":true}