{"cameraMode":{"drawMode":0,"name":"Shaded","section":"Shading Mode"},"sceneLighting":false,"audioPlay":false,"sceneViewState":{"m_AlwaysRefresh":false,"showFog":true,"showSkybox":false,"showFlares":true,"showImageEffects":true,"showParticleSystems":true,"showVisualEffectGraphs":true,"m_FxEnabled":true},"in2DMode":false,"pivot":{"x":0.08630122989416123,"y":0.005157160107046366,"z":-0.0819496139883995},"rotation":{"x":-0.02135760709643364,"y":-0.9463832378387451,"z":0.06397789716720581,"w":-0.3159375786781311},"size":0.11912278831005097,"orthographic":true}