{"cameraMode":{"drawMode":0,"name":"Shaded","section":"Shading Mode"},"sceneLighting":false,"audioPlay":false,"sceneViewState":{"m_AlwaysRefresh":false,"showFog":true,"showSkybox":false,"showFlares":true,"showImageEffects":true,"showParticleSystems":true,"showVisualEffectGraphs":true,"m_FxEnabled":true},"in2DMode":false,"pivot":{"x":0.0011352337896823884,"y":-0.20000000298023225,"z":0.5504924654960632},"rotation":{"x":0.08102931827306748,"y":-0.8936337232589722,"z":0.4032580554485321,"w":0.17956416308879853},"size":0.05936066433787346,"orthographic":false}