{"cameraMode":{"drawMode":0,"name":"Shaded","section":"Shading Mode"},"sceneLighting":false,"audioPlay":false,"sceneViewState":{"m_AlwaysRefresh":false,"showFog":true,"showSkybox":false,"showFlares":true,"showImageEffects":true,"showParticleSystems":true,"showVisualEffectGraphs":true,"m_FxEnabled":true},"in2DMode":false,"pivot":{"x":-0.8954284191131592,"y":0.6243011951446533,"z":-1.5773401260375977},"rotation":{"x":0.08678916096687317,"y":-0.881178081035614,"z":0.17816458642482758,"w":0.4292455315589905},"size":0.11916229873895645,"orthographic":true}